YYYYMM;PRCP
186602;660.0
186603;1130.0
186604;1050.0
186605;930.0
186606;450.0
186607;540.0
186608;710.0
186609;860.0
186610;1530.0
186611;720.0
186612;450.0
186701;250.0
186702;430.0
186703;1540.0
186704;510.0
186705;880.0
186706;590.0
186707;540.0
186708;930.0
186709;300.0
186710;1980.0
186711;650.0
186712;260.0
186801;690.0
186802;490.0
186803;1950.0
186804;850.0
186805;2180.0
186806;370.0
186807;860.0
186808;580.0
186809;460.0
186810;2130.0
186811;760.0
186812;250.0
186901;200.0
186902;300.0
186903;460.0
186904;130.0
186905;710.0
186906;710.0
186907;930.0
186908;890.0
186909;460.0
186910;2700.0
186911;1540.0
186912;810.0
187001;740.0
187002;1170.0
187003;1240.0
187004;1600.0
187005;1590.0
187006;910.0
187007;980.0
187008;980.0
187009;710.0
187010;2010.0
187011;950.0
187012;970.0
187101;590.0
187102;780.0
187103;1170.0
187104;1960.0
187105;1190.0
187106;520.0
187107;360.0
187108;970.0
187109;1260.0
187110;3190.0
187111;970.0
187112;670.0
187201;360.0
187202;250.0
187203;210.0
187204;1060.0
187205;1570.0
187206;520.0
187207;1100.0
187208;510.0
187209;800.0
187210;1570.0
187211;1060.0
187212;390.0
187301;870.0
187302;170.0
187303;670.0
187304;230.0
187305;810.0
187306;530.0
187307;430.0
187308;950.0
187309;1520.0
187310;1330.0
187311;610.0
187312;640.0
187401;760.0
187402;630.0
187403;670.0
187404;2830.0
187405;2160.0
187406;650.0
187407;370.0
187408;710.0
187409;380.0
187410;2140.0
187411;740.0
187412;200.0
187501;540.0
187502;390.0
187503;750.0
187504;1260.0
187505;1540.0
187506;1310.0
187507;720.0
187508;850.0
187509;1310.0
187510;1720.0
187511;980.0
187512;350.0
187601;860.0
187602;700.0
187603;550.0
187604;1370.0
187605;1320.0
187606;1070.0
187607;480.0
187608;920.0
187609;700.0
187610;2260.0
187611;1010.0
187612;360.0
187701;350.0
187702;100.0
187703;860.0
187704;1630.0
187705;390.0
187706;540.0
187707;350.0
187708;150.0
187709;1600.0
187710;1240.0
187711;1420.0
187712;460.0
187801;550.0
187802;150.0
187803;600.0
187804;2670.0
187805;1120.0
187806;690.0
187807;550.0
187808;810.0
187809;640.0
187810;1630.0
187811;1910.0
187812;560.0
187901;650.0
187902;1390.0
187903;3940.0
187904;2710.0
187905;1500.0
187906;740.0
187907;550.0
187908;470.0
187909;370.0
187910;2070.0
187911;1190.0
187912;720.0
188001;770.0
188002;500.0
188003;2290.0
188004;2690.0
188005;1610.0
188006;390.0
188007;350.0
188008;700.0
188009;320.0
188010;1300.0
188011;670.0
188012;720.0
188101;500.0
188102;1170.0
188103;340.0
188104;2030.0
188105;1220.0
188106;740.0
188107;500.0
188108;450.0
188109;240.0
188110;1920.0
188111;1550.0
188112;700.0
188201;50.0
188202;880.0
188203;880.0
188204;900.0
188205;860.0
188206;390.0
188207;360.0
188208;380.0
188209;140.0
188210;1360.0
188211;380.0
188212;810.0
188301;640.0
188302;280.0
188303;440.0
188304;1460.0
188305;750.0
188306;640.0
188307;650.0
188308;580.0
188309;50.0
188310;1730.0
188311;680.0
188312;200.0
188401;470.0
188402;310.0
188403;1080.0
188404;1390.0
188405;1060.0
188406;530.0
188407;430.0
188408;320.0
188409;180.0
188410;1800.0
188411;740.0
188412;1090.0
188501;80.0
188502;280.0
188503;730.0
188504;2050.0
188505;1330.0
188506;1220.0
188507;790.0
188508;480.0
188509;1000.0
188510;3350.0
188511;1470.0
188512;290.0
188601;1019.0
188602;513.0
188603;879.0
188604;2007.0
188605;870.0
188606;551.0
188607;871.0
188608;1152.0
188609;570.0
188610;1450.0
188611;255.0
188612;1250.0
188701;1032.0
188702;355.0
188703;185.0
188704;905.0
188705;1275.0
188706;715.0
188707;560.0
188708;392.0
188709;422.0
188710;1345.0
188711;2165.0
188712;1370.0
188801;30.0
188802;1025.0
188803;987.0
188804;848.0
188805;1081.0
188806;541.0
188807;402.0
188808;227.0
188809;1011.0
188810;1655.0
188811;822.0
188812;650.0
188901;102.0
188902;83.0
188903;1570.0
188904;1125.0
188905;280.0
188906;1025.0
188907;477.0
188908;450.0
188909;400.0
188910;3085.0
188911;1822.0
188912;1372.0
189001;1560.0
189002;1152.0
189003;432.0
189004;1458.0
189005;1263.0
189006;310.0
189007;387.0
189008;940.0
189009;362.0
189010;2020.0
189011;1973.0
189012;515.0
189101;615.0
189102;160.0
189103;500.0
189104;885.0
189105;1020.0
189106;682.0
189107;232.0
189108;707.0
189109;477.0
189110;2485.0
189111;1600.0
189112;1115.0
189201;582.0
189202;640.0
189203;1947.0
189204;2287.0
189205;1000.0
189206;635.0
189207;312.0
189208;380.0
189209;505.0
189210;2622.0
189211;2792.0
189212;917.0
189301;640.0
189302;982.0
189303;1362.0
189304;710.0
189305;2220.0
189306;575.0
189307;500.0
189308;420.0
189309;312.0
189310;1567.0
189311;1270.0
189312;1020.0
189401;1370.0
189402;440.0
189403;820.0
189404;2170.0
189405;1200.0
189406;530.0
189407;390.0
189408;470.0
189409;210.0
189410;1870.0
189411;900.0
189412;820.0
189501;560.0
189502;20.0
189503;50.0
189504;1310.0
189505;500.0
189506;190.0
189507;360.0
189508;360.0
189509;70.0
189510;1550.0
189511;1320.0
189512;580.0
189601;1010.0
189602;690.0
189603;570.0
189604;3330.0
189605;1180.0
189606;260.0
189607;160.0
189608;900.0
189609;760.0
189610;1070.0
189611;1680.0
189612;1100.0
189701;1170.0
189702;240.0
189703;920.0
189704;580.0
189705;2130.0
189706;0.0
189707;160.0
189708;480.0
189709;740.0
189710;1870.0
189711;2020.0
189712;1400.0
189801;710.0
189802;1210.0
189803;1290.0
189804;980.0
189805;1040.0
189806;650.0
189807;450.0
189808;490.0
189809;750.0
189810;1550.0
189811;990.0
189812;280.0
189901;420.0
189902;200.0
189903;1290.0
189904;750.0
189905;730.0
189906;630.0
189907;430.0
189908;210.0
189909;680.0
189910;1200.0
189911;2460.0
189912;290.0
190001;1300.0
190002;890.0
190003;1000.0
190004;920.0
190005;1350.0
190006;300.0
190007;320.0
190008;550.0
190009;390.0
190010;2120.0
190011;1140.0
190012;670.0
190101;180.0
190102;490.0
190103;580.0
190104;470.0
190105;740.0
190106;160.0
190107;560.0
190108;1070.0
190109;410.0
190110;1940.0
190111;2130.0
190112;580.0
190201;1120.0
190202;370.0
190203;1580.0
190204;880.0
190205;520.0
190206;240.0
190207;100.0
190208;250.0
190209;500.0
190210;840.0
190211;1080.0
190212;270.0
190301;300.0
190302;400.0
190303;320.0
190304;1020.0
190305;770.0
190306;1070.0
190307;100.0
190308;1040.0
190309;410.0
190310;640.0
190311;1490.0
190312;1060.0
190401;470.0
190402;690.0
190403;1610.0
190404;1750.0
190405;1170.0
190406;220.0
190407;350.0
190408;300.0
190409;350.0
190410;1550.0
190411;340.0
190412;270.0
190501;640.0
190502;150.0
190503;480.0
190504;1120.0
190505;970.0
190506;490.0
190507;230.0
190508;150.0
190509;960.0
190510;1270.0
190511;1990.0
190512;1450.0
190601;200.0
190602;710.0
190603;580.0
190604;1790.0
190605;1080.0
190606;820.0
190607;470.0
190608;340.0
190609;110.0
190610;1360.0
190611;990.0
190612;500.0
190701;290.0
190702;1140.0
190703;2070.0
190704;1930.0
190705;900.0
190706;610.0
190707;690.0
190708;380.0
190709;740.0
190710;1050.0
190711;910.0
190712;680.0
190801;760.0
190802;540.0
190803;1200.0
190804;890.0
190805;350.0
190806;330.0
190807;390.0
190808;550.0
190809;790.0
190810;2680.0
190811;1070.0
190812;1200.0
190901;400.0
190902;1160.0
190903;90.0
190904;1140.0
190905;1380.0
190906;710.0
190907;880.0
190908;590.0
190909;470.0
190910;1110.0
190911;880.0
190912;540.0
191001;1320.0
191002;520.0
191003;2190.0
191004;800.0
191005;2410.0
191006;850.0
191007;1140.0
191008;310.0
191009;790.0
191010;2090.0
191011;790.0
191012;1230.0
191101;470.0
191102;1300.0
191103;920.0
191104;1790.0
191105;1060.0
191106;500.0
191107;350.0
191108;190.0
191109;60.0
191110;460.0
191111;880.0
191112;360.0
191201;520.0
191202;580.0
191203;540.0
191204;1040.0
191205;530.0
191206;260.0
191207;460.0
191208;1140.0
191209;580.0
191210;1000.0
191211;1920.0
191212;890.0
191301;200.0
191302;340.0
191303;790.0
191304;2440.0
191305;1000.0
191306;470.0
191307;170.0
191308;180.0
191309;1800.0
191310;1270.0
191311;1370.0
191312;840.0
191401;290.0
191402;300.0
191403;230.0
191404;1720.0
191405;220.0
191406;220.0
191407;130.0
191408;400.0
191409;140.0
191410;1360.0
191411;2150.0
191412;1030.0
191501;420.0
191502;870.0
191503;290.0
191504;1350.0
191505;1360.0
191506;670.0
191507;490.0
191508;1140.0
191509;50.0
191510;1480.0
191511;1170.0
191512;670.0
191601;450.0
191602;320.0
191603;1250.0
191604;1520.0
191605;340.0
191606;1100.0
191607;440.0
191608;570.0
191609;490.0
191610;1400.0
191611;800.0
191612;670.0
191701;1010.0
191702;610.0
191703;1200.0
191704;1990.0
191705;1920.0
191706;680.0
191707;390.0
191708;970.0
191709;450.0
191710;740.0
191711;1550.0
191712;840.0
191801;610.0
191802;600.0
191803;910.0
191804;2390.0
191805;990.0
191806;230.0
191807;190.0
191808;180.0
191809;340.0
191810;1670.0
191811;1840.0
191812;170.0
191901;560.0
191902;300.0
191903;440.0
191904;1290.0
191905;740.0
191906;530.0
191907;700.0
191908;570.0
191909;1000.0
191910;650.0
191911;1200.0
191912;1120.0
192001;280.0
192002;680.0
192003;580.0
192004;570.0
192005;2000.0
192006;430.0
192007;890.0
192008;420.0
192009;780.0
192010;2310.0
192011;380.0
192012;820.0
192101;580.0
192102;1040.0
192103;2380.0
192104;1380.0
192105;1880.0
192106;880.0
192107;690.0
192108;280.0
192109;1080.0
192110;1900.0
192111;590.0
192112;1260.0
192201;20.0
192202;1030.0
192203;1660.0
192204;850.0
192205;1090.0
192206;1520.0
192207;1020.0
192208;80.0
192209;330.0
192210;1080.0
192211;1190.0
192212;960.0
192301;70.0
192302;110.0
192303;500.0
192304;710.0
192305;920.0
192306;290.0
192307;530.0
192308;550.0
192309;180.0
192310;870.0
192311;580.0
192312;1140.0
192401;0.0
192402;30.0
192403;550.0
192404;420.0
192405;800.0
192406;720.0
192407;480.0
192408;210.0
192409;1990.0
192410;1490.0
192411;2480.0
192412;1110.0
192501;180.0
192502;870.0
192503;1620.0
192504;2480.0
192505;560.0
192506;320.0
192507;400.0
192508;610.0
192509;860.0
192510;250.0
192511;720.0
192512;230.0
192601;70.0
192602;370.0
192603;580.0
192604;440.0
192605;730.0
192606;940.0
192607;250.0
192608;530.0
192609;320.0
192610;1680.0
192611;1230.0
192612;1510.0
192701;390.0
192702;840.0
192703;670.0
192704;960.0
192705;1300.0
192706;490.0
192707;650.0
192708;510.0
192709;870.0
192710;1370.0
192711;910.0
192712;170.0
192801;510.0
192802;750.0
192803;840.0
192804;730.0
192805;970.0
192806;380.0
192807;570.0
192808;390.0
192809;340.0
192810;320.0
192811;2180.0
192812;1400.0
192901;40.0
192902;40.0
192903;760.0
192904;1360.0
192905;1250.0
192906;660.0
192907;360.0
192908;210.0
192909;520.0
192910;820.0
192911;140.0
192912;90.0
193001;780.0
193002;1130.0
193003;980.0
193004;820.0
193005;230.0
193006;790.0
193007;740.0
193008;500.0
193009;190.0
193010;1360.0
193011;900.0
193012;440.0
193101;260.0
193102;770.0
193103;190.0
193104;630.0
193105;720.0
193106;720.0
193107;930.0
193108;220.0
193109;700.0
193110;520.0
193111;1750.0
193112;870.0
193201;1110.0
193202;580.0
193203;400.0
193204;840.0
193205;1210.0
193206;470.0
193207;530.0
193208;170.0
193209;920.0
193210;1860.0
193211;2170.0
193212;780.0
193301;200.0
193302;250.0
193303;1010.0
193304;1960.0
193305;1230.0
193306;890.0
193307;280.0
193308;490.0
193309;590.0
193310;1330.0
193311;2320.0
193312;1780.0
193401;430.0
193402;660.0
193403;1180.0
193404;370.0
193405;1260.0
193406;490.0
193407;560.0
193408;330.0
193409;430.0
193410;1420.0
193411;1540.0
193412;510.0
193501;950.0
193502;1100.0
193503;1320.0
193504;1280.0
193505;770.0
193506;860.0
193507;750.0
193508;730.0
193509;740.0
193510;1230.0
193511;3180.0
193512;140.0
193601;570.0
193602;350.0
193603;990.0
193604;570.0
193605;1200.0
193606;740.0
193607;430.0
193608;710.0
193609;370.0
193610;1460.0
193611;840.0
193612;1550.0
193701;940.0
193702;550.0
193703;620.0
193704;500.0
193705;1010.0
193706;370.0
193707;630.0
193708;556.6666666666666
193709;1566.6666666666667
193710;1300.0
193711;1530.0
193712;795.0
193801;510.0
193802;400.0
193803;580.0
193804;927.5
193805;1635.0
193806;747.5
193807;630.0
193808;1725.0
193809;1070.0
193810;1970.0
193811;1664.0
193812;822.5
193901;162.0
193902;56.0
193903;384.0
193904;472.0
193905;1126.0
193906;1188.0
193907;982.0
193908;924.0
193909;1596.0
193910;1624.0
193911;1286.0
193912;1464.0
194001;262.8
194002;190.75
194003;151.0
194004;566.8
194005;385.75
194006;857.8
194007;824.8
194008;712.6
194009;1411.6
194010;1848.0
194011;1602.0
194012;396.0
194101;359.25
194102;338.0
194103;150.66666666666666
194104;216.75
194105;613.6666666666666
194106;553.3333333333334
194107;590.5
194108;1450.25
194109;1005.0
194110;1004.0
194111;819.5
194112;472.0
194201;274.5
194202;213.4
194203;519.6
194204;1407.2
194205;1908.0
194206;1566.0
194207;918.8
194208;1393.8
194209;1712.4
194210;1958.8
194211;1915.8
194212;775.8
194301;400.4
194302;334.6
194303;390.4
194304;1252.2
194305;1467.0
194306;1796.6666666666667
194307;1581.3333333333333
194308;1629.0
194309;1131.5
194310;1796.5
194311;1623.6
194312;513.0
194401;253.5
194402;445.5
194403;723.0
194404;685.0
194405;1411.5
194406;825.0
194407;230.0
194408;585.5
194409;354.5
194410;1839.5
194411;637.0
194412;639.0
194501;18.25
194502;173.75
194503;134.25
194504;696.0
194505;1644.4
194506;1392.8
194507;830.4
194508;1504.2
194509;897.25
194510;2002.25
194511;1539.3333333333333
194512;952.25
194601;449.5
194602;195.4
194603;373.0
194604;701.25
194605;1141.0
194606;225.5
194607;305.2
194608;1119.4
194609;668.0
194610;1960.5
194611;888.5
194612;532.75
194701;397.3333333333333
194702;275.0
194703;354.0
194704;434.0
194705;1026.3333333333333
194706;1406.6666666666667
194707;1218.3333333333333
194708;712.0
194709;1467.0
194710;2522.6666666666665
194711;682.5
194712;268.6666666666667
194801;61.25
194802;158.28571428571428
194803;707.1428571428571
194804;1526.7142857142858
194805;1965.4285714285713
194806;1237.857142857143
194807;1191.142857142857
194808;764.4285714285714
194809;1287.857142857143
194810;1182.6666666666667
194811;1057.4285714285713
194812;251.71428571428572
194901;143.5
194902;215.5
194903;606.5
194904;1071.75
194905;1804.75
194906;1755.75
194907;1270.5
194908;1682.0
194909;1918.5
194910;2337.5
194911;1418.0
194912;392.0
195001;604.0
195002;1614.3333333333333
195003;1596.0
195004;2216.1666666666665
195005;2308.3333333333335
195006;3144.6666666666665
195007;1770.6666666666667
195008;2327.8333333333335
195009;1579.0
195010;2821.5
195011;2000.3333333333333
195012;1248.6666666666667
195101;560.4
195102;1034.4545454545455
195103;556.9090909090909
195104;1559.5454545454545
195105;1381.2727272727273
195106;1753.909090909091
195107;1482.8181818181818
195108;1705.6363636363637
195109;1233.8181818181818
195110;2168.2727272727275
195111;1931.2
195112;1010.7272727272727
195201;479.72727272727275
195202;537.3636363636364
195203;765.6363636363636
195204;2154.3636363636365
195205;2343.7272727272725
195206;1401.6
195207;1218.5
195208;948.75
195209;1402.8333333333333
195210;1229.4545454545455
195211;1630.909090909091
195212;926.2727272727273
195301;502.25
195302;935.6
195303;1122.6666666666667
195304;1806.1333333333334
195305;2175.3333333333335
195306;1577.0666666666666
195307;1184.4
195308;720.4
195309;1895.2
195310;2299.133333333333
195311;2134.9333333333334
195312;956.3333333333334
195401;656.7333333333333
195402;779.2
195403;1065.9333333333334
195404;1944.0
195405;2055.133333333333
195406;1801.6666666666667
195407;1809.0666666666666
195408;1298.6
195409;1247.1333333333334
195410;2745.2
195411;1989.2
195412;1617.5
195501;529.5
195502;590.9090909090909
195503;1063.4545454545455
195504;1538.6363636363637
195505;1774.5454545454545
195506;1434.6363636363637
195507;1001.1818181818181
195508;1005.2222222222222
195509;1422.3
195510;2213.9
195511;1563.2727272727273
195512;1138.1818181818182
195601;997.6153846153846
195602;893.3076923076923
195603;796.5384615384615
195604;971.0
195605;1688.7692307692307
195606;1409.9285714285713
195607;770.1428571428571
195608;942.7142857142857
195609;1094.857142857143
195610;2792.214285714286
195611;1444.5714285714287
195612;954.7857142857143
195701;272.2142857142857
195702;496.73333333333335
195703;903.2666666666667
195704;1335.7333333333333
195705;2118.6666666666665
195706;865.3333333333334
195707;711.5333333333333
195708;622.9285714285714
195709;822.5
195710;1624.0
195711;846.2
195712;455.8666666666667
195801;368.2
195802;262.8666666666667
195803;837.5384615384615
195804;1243.9285714285713
195805;1655.6153846153845
195806;628.2857142857143
195807;503.42857142857144
195808;1062.8666666666666
195809;791.5714285714286
195810;1452.6875
195811;1401.0
195812;913.8125
195901;422.5625
195902;338.1875
195903;811.4375
195904;1501.5294117647059
195905;1849.8823529411766
195906;1796.5882352941176
195907;1250.5882352941176
195908;1244.5294117647059
195909;1171.1176470588234
195910;1610.1875
195911;1275.9375
195912;1101.875
196001;994.9375
196002;1054.0625
196003;1091.8125
196004;1689.25
196005;1930.625
196006;1582.6875
196007;1557.9375
196008;1852.0666666666666
196009;1382.4705882352941
196010;2414.235294117647
196011;1882.1764705882354
196012;1459.764705882353
196101;896.2352941176471
196102;545.3888888888889
196103;1242.9444444444443
196104;1787.5882352941176
196105;1268.5294117647059
196106;1926.3333333333333
196107;1719.3333333333333
196108;1367.2222222222222
196109;1295.5555555555557
196110;1935.7058823529412
196111;2320.5882352941176
196112;1195.4705882352941
196201;801.4375
196202;676.9375
196203;1463.6875
196204;1539.375
196205;1744.6875
196206;1539.875
196207;1184.625
196208;1660.2
196209;1729.3333333333333
196210;2002.2666666666667
196211;1838.0
196212;1384.3125
196301;868.7647058823529
196302;1266.235294117647
196303;991.5882352941177
196304;1466.5294117647059
196305;1243.4705882352941
196306;1112.5882352941176
196307;865.3529411764706
196308;894.7058823529412
196309;1116.0588235294117
196310;1611.5882352941176
196311;2178.6470588235293
196312;1190.4705882352941
196401;727.7222222222222
196402;856.1666666666666
196403;441.27777777777777
196404;1711.888888888889
196405;1426.0
196406;2190.6111111111113
196407;1678.0
196408;1686.8823529411766
196409;1650.8823529411766
196410;2066.294117647059
196411;2008.6470588235295
196412;1433.388888888889
196501;1223.1333333333334
196502;606.625
196503;623.9375
196504;1846.0625
196505;1804.5
196506;1001.1176470588235
196507;893.9411764705883
196508;1312.8235294117646
196509;1726.1333333333334
196510;2173.6875
196511;2471.8125
196512;1067.625
196601;868.75
196602;739.7058823529412
196603;939.0
196604;1339.7058823529412
196605;1703.3529411764705
196606;1910.0588235294117
196607;1421.4117647058824
196608;1600.8235294117646
196609;1416.0625
196610;2227.3529411764707
196611;2501.529411764706
196612;2132.235294117647
196701;902.9411764705883
196702;1141.4117647058824
196703;1195.4705882352941
196704;1783.0588235294117
196705;1916.8333333333333
196706;2120.3888888888887
196707;1706.388888888889
196708;1375.611111111111
196709;1417.764705882353
196710;2205.6470588235293
196711;2229.1666666666665
196712;1367.6666666666667
196801;832.6111111111111
196802;890.0526315789474
196803;1124.421052631579
196804;1682.9473684210527
196805;1676.611111111111
196806;2012.2631578947369
196807;1416.8947368421052
196808;1675.0
196809;1752.842105263158
196810;2626.3888888888887
196811;2036.8947368421052
196812;913.9473684210526
196901;900.9
196902;769.35
196903;803.6842105263158
196904;2379.0
196905;1516.95
196906;1817.3
196907;1290.5263157894738
196908;1599.8
196909;1720.9
196910;2456.157894736842
196911;1678.55
196912;1109.55
197001;1217.75
197002;1094.65
197003;945.3
197004;1572.0
197005;2349.0
197006;1872.9
197007;1431.45
197008;1645.05
197009;2042.8
197010;2063.6
197011;2134.7368421052633
197012;1207.8
197101;1662.85
197102;1430.095238095238
197103;1765.952380952381
197104;1651.8095238095239
197105;2120.3333333333335
197106;1824.3809523809523
197107;1541.55
197108;1575.95
197109;1495.35
197110;2085.45
197111;1706.95
197112;1034.3809523809523
197201;1179.5238095238096
197202;839.2380952380952
197203;1265.7619047619048
197204;1470.6190476190477
197205;2069.190476190476
197206;1760.95
197207;1080.65
197208;1496.5238095238096
197209;1187.55
197210;1621.6190476190477
197211;2015.904761904762
197212;847.9047619047619
197301;746.9047619047619
197302;435.76190476190476
197303;1082.6666666666667
197304;1461.2380952380952
197305;1695.6666666666667
197306;2289.809523809524
197307;2145.4761904761904
197308;2306.5714285714284
197309;2345.3809523809523
197310;2427.714285714286
197311;3209.4285714285716
197312;1770.2857142857142
197401;1399.7619047619048
197402;1500.2380952380952
197403;1377.4761904761904
197404;1782.904761904762
197405;1968.6666666666667
197406;1867.2380952380952
197407;1773.4761904761904
197408;1578.857142857143
197409;2229.285714285714
197410;2745.285714285714
197411;2297.809523809524
197412;1038.3809523809523
197501;816.1
197502;1249.3
197503;1562.7
197504;1451.65
197505;2489.0
197506;2265.4
197507;1968.55
197508;2419.6
197509;2122.85
197510;2674.8
197511;2739.7
197512;1681.3809523809523
197601;916.3333333333334
197602;794.8571428571429
197603;1325.904761904762
197604;1851.142857142857
197605;1851.1904761904761
197606;1927.0
197607;1297.6190476190477
197608;1556.952380952381
197609;1272.2380952380952
197610;2390.904761904762
197611;1552.3809523809523
197612;1039.7619047619048
197701;541.1428571428571
197702;699.8181818181819
197703;1129.5416666666667
197704;1266.4583333333333
197705;1983.5454545454545
197706;2007.4545454545455
197707;1615.1904761904761
197708;1877.095238095238
197709;1751.8636363636363
197710;2148.217391304348
197711;1781.7391304347825
197712;843.0952380952381
197801;619.6666666666666
197802;667.2916666666666
197803;1333.142857142857
197804;2566.904761904762
197805;2199.095238095238
197806;1898.3333333333333
197807;1804.904761904762
197808;1641.909090909091
197809;1609.391304347826
197810;2112.7391304347825
197811;1535.0434782608695
197812;1290.0
197901;643.7272727272727
197902;732.2173913043479
197903;1268.6666666666667
197904;2069.9545454545455
197905;1901.9545454545455
197906;2285.4285714285716
197907;1374.7391304347825
197908;2002.0454545454545
197909;1812.3333333333333
197910;2560.409090909091
197911;2138.3809523809523
197912;990.952380952381
198001;1147.857142857143
198002;827.3809523809524
198003;842.3809523809524
198004;1351.6190476190477
198005;1872.952380952381
198006;2064.3333333333335
198007;1658.2857142857142
198008;1321.5238095238096
198009;1881.095238095238
198010;2262.5714285714284
198011;1649.3809523809523
198012;1396.2380952380952
198101;654.1904761904761
198102;1513.4
198103;1387.1904761904761
198104;2470.095238095238
198105;2605.6666666666665
198106;2101.1428571428573
198107;1769.3809523809523
198108;2162.15
198109;1812.7142857142858
198110;2431.6666666666665
198111;2333.9523809523807
198112;1865.15
198201;1380.8
198202;1309.2
198203;1288.4
198204;2427.7
198205;2560.05
198206;1671.65
198207;1601.95
198208;1267.1
198209;1847.2
198210;2363.7
198211;1594.9
198212;1269.25
198301;544.15
198302;869.95
198303;1594.1
198304;2572.6
198305;2272.1
198306;1464.45
198307;1426.8
198308;1225.7
198309;1994.3
198310;2333.9
198311;1539.85
198312;1733.35
198401;1540.4736842105262
198402;1817.6842105263158
198403;1435.9473684210527
198404;1867.2777777777778
198405;2264.0526315789475
198406;2291.157894736842
198407;2188.7368421052633
198408;2021.7368421052631
198409;2203.35
198410;2543.1
198411;2423.9
198412;1162.95
198501;758.3157894736842
198502;378.8421052631579
198503;1059.3684210526317
198504;1690.65
198505;1892.05
198506;1715.55
198507;1781.7
198508;2292.6
198509;1899.4
198510;2461.05
198511;1624.2631578947369
198512;1117.7368421052631
198601;893.1052631578947
198602;1173.7894736842106
198603;1175.3157894736842
198604;2047.1052631578948
198605;2143.9473684210525
198606;2258.2105263157896
198607;1351.157894736842
198608;1559.9473684210527
198609;1614.842105263158
198610;3398.1052631578946
198611;1774.8947368421052
198612;655.3684210526316
198701;754.8571428571429
198702;646.625
198703;1307.3478260869565
198704;1909.1666666666667
198705;2391.625
198706;1204.304347826087
198707;2360.4347826086955
198708;1549.4583333333333
198709;1921.2272727272727
198710;2786.9166666666665
198711;1661.75
198712;1007.5217391304348
198801;979.6363636363636
198802;996.8695652173913
198803;601.5652173913044
198804;1931.2916666666667
198805;1882.9583333333333
198806;2234.9583333333335
198807;2037.0833333333333
198808;2601.5
198809;2150.7272727272725
198810;2750.521739130435
198811;2788.2083333333335
198812;1666.3181818181818
198901;1219.695652173913
198902;1018.4166666666666
198903;1513.5
198904;1360.625
198905;1909.5833333333333
198906;2035.6818181818182
198907;1525.7826086956522
198908;1657.0434782608695
198909;2134.1304347826085
198910;2540.304347826087
198911;1531.0869565217392
198912;1233.1304347826087
199001;972.0833333333334
199002;1063.391304347826
199003;1303.4583333333333
199004;1893.4347826086957
199005;1853.3636363636363
199006;1357.5
199007;1601.9130434782608
199008;1346.7826086956522
199009;1521.391304347826
199010;2902.6363636363635
199011;2133.217391304348
199012;1684.304347826087
199101;633.4545454545455
199102;707.5
199103;1550.952380952381
199104;1689.6363636363637
199105;2128.181818181818
199106;1664.3636363636363
199107;1613.3636363636363
199108;1633.3181818181818
199109;1815.1818181818182
199110;1610.3181818181818
199111;2048.409090909091
199112;780.9090909090909
199201;665.5909090909091
199202;485.70588235294116
199203;655.3636363636364
199204;1366.0
199205;2000.6363636363637
199206;1620.1363636363637
199207;1353.857142857143
199208;1545.3636363636363
199209;2202.590909090909
199210;1561.0454545454545
199211;1811.8636363636363
199212;1119.4761904761904
199301;1009.3636363636364
199302;1028.590909090909
199303;1332.2631578947369
199304;1905.9444444444443
199305;571.0
199306;771.7142857142857
199307;295.6363636363636
199308;1303.7222222222222
199309;2186.9545454545455
199310;2316.818181818182
199311;2419.3636363636365
199312;1090.2272727272727
199401;1041.909090909091
199402;910.8636363636364
199403;1572.1363636363637
199404;1995.6363636363637
199405;2317.1363636363635
199406;1477.1818181818182
199407;1252.2272727272727
199408;1426.1739130434783
199409;1885.7272727272727
199410;1703.0
199411;2496.590909090909
199412;815.8636363636364
199501;538.4545454545455
199502;634.4090909090909
199503;1374.0
199504;1912.8181818181818
199505;2135.7727272727275
199506;2117.1304347826085
199507;2211.0454545454545
199508;1989.8181818181818
199509;1871.4545454545455
199510;2294.5454545454545
199511;1866.8181818181818
199512;1473.7826086956522
199601;1164.5652173913043
199602;1339.6521739130435
199603;1746.2608695652175
199604;1645.391304347826
199605;2546.608695652174
199606;2419.304347826087
199607;2467.913043478261
199608;1857.0434782608695
199609;1943.7391304347825
199610;2400.1739130434785
199611;1926.409090909091
199612;1286.0
199701;1470.7391304347825
199702;1138.1739130434783
199703;928.5652173913044
199704;1656.608695652174
199705;1718.1304347826087
199706;2061.7391304347825
199707;998.0
199708;1235.7826086956522
199709;1689.391304347826
199710;1305.5652173913043
199711;1988.8260869565217
199712;641.6086956521739
199801;448.17391304347825
199802;633.5294117647059
199803;1276.9565217391305
199804;1820.304347826087
199805;2614.391304347826
199806;1962.391304347826
199807;2005.4347826086957
199808;1824.2608695652175
199809;1721.2173913043478
199810;2576.4347826086955
199811;2022.608695652174
199812;1734.4347826086957
199901;1242.608695652174
199902;1989.0
199903;1272.608695652174
199904;2199.9565217391305
199905;1972.0434782608695
199906;2113.478260869565
199907;1555.0434782608695
199908;1879.304347826087
199909;2587.478260869565
199910;2875.6521739130435
199911;2374.6521739130435
199912;1880.304347826087
200001;1182.7826086956522
200002;1640.5652173913043
200003;1299.304347826087
200004;1524.304347826087
200005;2870.0434782608695
200006;1991.1739130434783
200007;1829.1739130434783
200008;1490.304347826087
200009;2168.086956521739
200010;2051.478260869565
200011;1781.608695652174
200012;1180.4347826086957
200101;1025.909090909091
200102;656.8181818181819
200103;1293.6363636363637
200104;1257.2727272727273
200105;2180.909090909091
200106;1641.8181818181818
200107;1556.8181818181818
200108;1585.7142857142858
200109;2013.6363636363637
200110;2195.0
200111;2623.6363636363635
200112;1834.090909090909
200201;761.3636363636364
200202;574.5454545454545
200203;1333.1818181818182
200204;2214.5454545454545
200205;2308.181818181818
200206;1942.3809523809523
200207;2074.5454545454545
200208;1715.0
200209;1687.7272727272727
200210;2213.181818181818
200211;1734.090909090909
200212;1141.3636363636363
200301;503.1818181818182
200302;857.7272727272727
200303;1340.909090909091
200304;1986.8181818181818
200305;1870.0
200306;2236.818181818182
200307;1922.2727272727273
200308;1527.7272727272727
200309;1857.7272727272727
200310;2474.5454545454545
200311;2653.181818181818
200312;1529.0
200401;713.6363636363636
200402;786.304347826087
200403;956.3636363636364
200404;2052.2727272727275
200405;2460.909090909091
200406;1930.4545454545455
200407;1845.0
200408;1630.4545454545455
200409;2028.6363636363637
200410;1783.0
200411;2293.6363636363635
200412;1285.4545454545455
200501;1199.5454545454545
200502;1105.0
200503;1367.2727272727273
200504;2161.818181818182
200505;2605.909090909091
200506;2059.090909090909
200507;1700.909090909091
200508;1577.2727272727273
200509;1757.2727272727273
200510;3112.2727272727275
200511;2402.7272727272725
200512;1487.2727272727273
200601;1700.0
200602;961.3636363636364
200603;1881.5
200604;1996.3636363636363
200605;2335.909090909091
200606;2038.1818181818182
200607;1552.2727272727273
200608;1680.4545454545455
200609;1724.5454545454545
200610;2391.818181818182
200611;2305.4545454545455
200612;1826.8181818181818
200701;910.0
200702;443.6363636363636
200703;1605.909090909091
200704;2401.818181818182
200705;2803.181818181818
200706;2356.3636363636365
200707;1682.3809523809523
200708;2280.4545454545455
200709;2323.6363636363635
200710;3021.3636363636365
200711;2217.7272727272725
200712;1553.1818181818182
200801;1085.0
200802;1406.3636363636363
200803;1300.909090909091
200804;1863.1818181818182
200805;3145.909090909091
200806;2127.7272727272725
200807;1526.6666666666667
200808;2149.0
200809;1867.2727272727273
200810;2379.090909090909
200811;2877.5
200812;1593.888888888889
200901;1529.5454545454545
200902;1094.5454545454545
200903;1731.3636363636363
200904;1638.5714285714287
200905;1648.6363636363637
200906;2055.0
200907;1860.0
200908;1293.5
200909;1494.090909090909
200910;2067.5
200911;1705.4545454545455
200912;1067.5
201001;380.0
201002;661.3636363636364
201003;1232.3809523809523
201004;2261.5789473684213
201005;2169.45
201006;2331.818181818182
201007;2785.2380952380954
201008;2159.55
201009;2225.2272727272725
201010;2496.818181818182
201011;3302.0
201012;2174.285714285714
201101;1073.8181818181818
201102;1303.1818181818182
201103;1600.952380952381
201104;2526.4166666666665
201105;2420.0
201106;2211.153846153846
201107;2750.5263157894738
201108;1323.047619047619
201109;1509.1666666666667
201110;3013.190476190476
201111;2752.4
201112;2010.7692307692307
201201;2543.6666666666665
201202;735.4
201203;1529.6153846153845
201204;2449.6153846153848
201205;2157.6923076923076
201206;1292.4
201207;1520.8
201208;1508.2608695652175
201209;1246.6666666666667
201210;2267.0833333333335
201211;1928.1818181818182
201212;1232.8
201301;558.0
201302;1223.8461538461538
201303;1268.8461538461538
201304;1353.4615384615386
201305;2313.076923076923
201306;1473.6923076923076
201307;1160.3846153846155
201308;1950.7692307692307
201309;1791.5384615384614
201310;1853.076923076923
201311;1870.7692307692307
201312;1213.076923076923
201401;850.0
201402;981.1111111111111
201403;1156.5384615384614
201404;1315.7692307692307
201405;1801.923076923077
201406;1663.4615384615386
201407;1176.5384615384614
201408;1510.0
201409;2013.1818181818182
201410;2341.3636363636365
201411;1991.625
201412;1715.0
201501;1091.923076923077
201502;845.7692307692307
201503;1310.3846153846155
201504;1474.2307692307693
201505;1415.0
201506;1420.3846153846155
201507;1313.4615384615386
201508;1247.5
201509;1339.2
201510;1745.0
201511;1810.7692307692307
201512;619.6296296296297
201601;450.74074074074076
201602;509.25925925925924
201603;841.9230769230769
201604;2153.4615384615386
201605;1714.6153846153845
201606;1592.0
201607;1645.2
201608;1465.7407407407406
201609;1724.3333333333333
201610;2197.777777777778
201611;2045.7037037037037
201612;1678.888888888889
201701;1013.1481481481482
201702;1457.8947368421052
201703;2051.962962962963
201704;1847.3076923076924
201705;2540.4444444444443
201706;1937.1851851851852
201707;1912.5925925925926
201708;1877.6818181818182
201709;1841.4545454545455
201710;2105.6470588235293
201711;1909.6666666666667
201712;1267.4074074074074
201801;1315.5555555555557
201802;687.0370370370371
201803;1113.8461538461538
201804;1791.423076923077
201805;2519.8888888888887
201806;1875.2222222222222
201807;1575.1851851851852
201808;1271.851851851852
201809;1936.6666666666667
201810;2441.1111111111113
201811;1980.6923076923076
201812;700.7407407407408
201901;568.8888888888889
201902;731.6521739130435
201903;1064.0740740740741
201904;1895.7619047619048
201905;2662.1481481481483
201906;1660.8148148148148
201907;1529.2592592592594
201908;1331.0
201909;1611.2962962962963
201910;2392.4074074074074
201911;1754.6296296296296
201912;1406.2962962962963
202001;809.0
202002;697.0370370370371
202003;888.5185185185185
202004;1302.4
202005;2098.8
202006;1985.2
202007;2000.0
202008;1972.0833333333333
202009;1844.92
202010;1875.7692307692307
202011;2210.4166666666665
202012;1554.5833333333333
202101;1134.7826086956522
202102;1138.2608695652175
202103;1501.6666666666667
202104;1971.2
202105;2316.25
202106;2099.2
202107;1722.3076923076924
202108;2162.0
202109;1576.4
202110;2363.6
202111;1968.0
202112;1156.111111111111
202201;756.4615384615385
202202;1291.5
202203;1835.0
202204;2174.823529411765
202205;2535.6296296296296
202206;2741.846153846154
202207;2101.8076923076924
202208;2140.8
202209;2093.576923076923
202210;2518.2916666666665
202211;2636.0384615384614
202212;985.7037037037037
202301;492.3333333333333
202302;556.25
202303;1003.0
202304;1006.375
202305;1899.2307692307693
202306;1750.0
202307;1708.888888888889
202308;1366.923076923077
202309;1218.888888888889
202310;2117.777777777778
202311;1675.0
202312;1261.4814814814815
202401;459.25
202402;1015.4230769230769
202403;940.0
202404;2001.851851851852
202405;2852.6923076923076
